iter,energy,gamma[0],beta[0],phi[0],gamma[1],beta[1],phi[1],gamma[2],beta[2],phi[2],gamma[3],beta[3],phi[3]
1,-15.122479677200317,0.5998495401884171,0.6356284131959238,0.6458549785144503,0.5994267838483514,0.6009615322333971,0.6354191800204413,0.645483530854605,0.5994267838483514,0.6250868226468956,0.5994267838483514,0.6129630531416908,0.6004090626127411
2,-15.99980217218399,0.6007508990441909,0.6565889059689995,0.6598643462385152,0.5940788986045841,0.6014903531325879,0.6560643614686259,0.6593955345141858,0.593746869157996,0.6254580835828722,0.5993321342201924,0.6228677849821073,0.6005597664407669
3,-15.999857068061829,0.6005981624734693,0.656636956964861,0.6599272934980213,0.5941594925020105,0.601445836750637,0.6561583436319605,0.6594752917480506,0.5937615015819423,0.6254624469506431,0.5993586177363046,0.6229087752917285,0.6005816293965703
4,-16.000012934207916,0.6004545346213239,0.65691559430147,0.6599529141239587,0.5940851546886964,0.6013715518036751,0.6564872003861763,0.6594631649764017,0.5935719351132497,0.6252664057739094,0.5994238995097059,0.6231368344624563,0.6006112690480555
5,-16.000017762184143,0.6004493016475192,0.6569131872852176,0.6599527743997057,0.5940898892787672,0.6013646314882569,0.6564856138327209,0.6594615407284384,0.5935719476462643,0.6252689736864699,0.5994295619261802,0.6231364471592974,0.6006099059632843
6,-16.000024378299713,0.6004596359473146,0.6569546420189908,0.6600234413345336,0.5940974607517105,0.6013345654890973,0.6565186393616866,0.6595197220978675,0.5935699731976174,0.6253328478943891,0.5994566445359415,0.6231457201163194,0.6005950423701972
7,-16.000026047229767,0.6004596407399988,0.6569546379800307,0.6600234427681974,0.5940974608423373,0.6013345676872565,0.6565186342073374,0.6595197242000684,0.5935699768511605,0.6253328535528785,0.5994566426684416,0.6231457159416786,0.6005950416502713
8,-16.000026047229767,0.6004596407391602,0.6569546379797331,0.6600234427673971,0.5940974608424715,0.6013345676873466,0.6565186342074145,0.6595197241994237,0.593569976851072,0.6253328535519298,0.5994566426682961,0.623145715941867,0.6005950416505651
