iter,energy,gamma[0],beta[0]
1,-13.26418261229992,1.4547054319007375,1.3580166202174018
