iter,energy,gamma[0],beta[0]
1,-17.999998927116398,0.0,0.0
2,-18.00002573348452,0.0,0.0004394087234613441
3,-18.00002573348835,0.0,0.00043940809898501313
