iter,energy,gamma[0],beta[0]
1,-8.999997854232788,0.5756997649069372,0.0
2,-9.000004291534424,0.5675427527160994,0.0
