iter,energy,gamma[0],beta[0]
1,-14.999994643406094,0.5996924020907318,0.0
2,-15.000007159523921,0.5947266535289518,0.0
3,-15.000007159523921,0.5947266535163496,1.1991559449115158e-11
