iter,energy,gamma[0],beta[0]
1,-18.00000000626119,0.5586280807593011,0.0
2,-18.000006438496953,0.5569293980797774,0.0
3,-18.000006438496953,0.556929398079387,3.00189447821643e-12
